ticker,cusip,period,filings,shares_excl_options,value_excl_options_usd
SHOP,82509L107,2024Q2,1346,890000000,58900000000
SHOP,82509L107,2024Q3,1384,849000000,68100000000
SHOP,82509L107,2024Q4,1608,849000000,90400000000
SHOP,82509L107,2025Q1,1588,849000000,81100000000
SHOP,82509L107,2025Q2,1674,868000000,100000000000
SHOP,82509L107,2025Q3,1858,864000000,129000000000
SHOP,82509L107,2025Q4,2012,862000000,139000000000
SHOP,82509L107,2026Q1,1856,834000000,99200000000
SHOP,82509L107,2026Q2,1843,838000000,95000000000
AAPL,037833100,2024Q2,5473,9750000000,2090000000000
AAPL,037833100,2024Q3,5399,9630000000,2240000000000
AAPL,037833100,2024Q4,5999,9480000000,2400000000000
AAPL,037833100,2025Q1,5929,9410000000,2080000000000
AAPL,037833100,2025Q2,5946,9570000000,1950000000000
AAPL,037833100,2025Q3,5960,9460000000,2410000000000
AAPL,037833100,2025Q4,6454,9690000000,2620000000000
AAPL,037833100,2026Q1,6465,9490000000,2400000000000
AAPL,037833100,2026Q2,6521,16100000000,2830000000000
MSFT,594918104,2024Q2,5532,5570000000,2500000000000
MSFT,594918104,2024Q3,5554,5480000000,2350000000000
MSFT,594918104,2024Q4,6149,5380000000,2280000000000
MSFT,594918104,2025Q1,6040,5400000000,2020000000000
MSFT,594918104,2025Q2,6116,6230000000,2700000000000
MSFT,594918104,2025Q3,6170,6300000000,2850000000000
MSFT,594918104,2025Q4,6612,5570000000,2690000000000
MSFT,594918104,2026Q1,6564,5390000000,1990000000000
MSFT,594918104,2026Q2,6648,9500000000,2070000000000
NVDA,67066G104,2024Q2,4932,16600000000,2060000000000
NVDA,67066G104,2024Q3,5005,16200000000,1960000000000
NVDA,67066G104,2024Q4,5619,16000000000,2150000000000
NVDA,67066G104,2025Q1,5556,16000000000,1730000000000
NVDA,67066G104,2025Q2,5718,16400000000,2590000000000
NVDA,67066G104,2025Q3,5827,16400000000,3060000000000
NVDA,67066G104,2025Q4,6334,16800000000,3110000000000
NVDA,67066G104,2026Q1,6361,16300000000,2840000000000
NVDA,67066G104,2026Q2,6531,23800000000,3390000000000
AMZN,023135106,2024Q2,5231,6870000000,1370000000000
AMZN,023135106,2024Q3,5213,6770000000,1250000000000
AMZN,023135106,2024Q4,5863,6750000000,1480000000000
AMZN,023135106,2025Q1,5789,6750000000,1280000000000
AMZN,023135106,2025Q2,5866,6920000000,1520000000000
AMZN,023135106,2025Q3,5923,6950000000,1530000000000
AMZN,023135106,2025Q4,6436,7210000000,1640000000000
AMZN,023135106,2026Q1,6391,6990000000,1460000000000
AMZN,023135106,2026Q2,6544,10800000000,1740000000000
GOOGL,02079K305,2024Q2,4789,4760000000,928000000000
GOOGL,02079K305,2024Q3,4738,4640000000,766000000000
GOOGL,02079K305,2024Q4,5269,4600000000,872000000000
GOOGL,02079K305,2025Q1,5146,4580000000,708000000000
GOOGL,02079K305,2025Q2,5232,4590000000,808000000000
GOOGL,02079K305,2025Q3,5420,4530000000,1100000000000
GOOGL,02079K305,2025Q4,5990,4650000000,1450000000000
GOOGL,02079K305,2026Q1,5927,4560000000,1310000000000
GOOGL,02079K305,2026Q2,6103,7870000000,1770000000000
META,30303M102,2024Q2,4367,1760000000,886000000000
META,30303M102,2024Q3,4436,1740000000,984000000000
META,30303M102,2024Q4,4901,1690000000,991000000000
META,30303M102,2025Q1,4963,1680000000,969000000000
META,30303M102,2025Q2,5091,1690000000,1250000000000
META,30303M102,2025Q3,5203,1700000000,1240000000000
META,30303M102,2025Q4,5452,1770000000,1120000000000
META,30303M102,2026Q1,5398,1660000000,951000000000
META,30303M102,2026Q2,5400,3580000000,966000000000
TSLA,88160R101,2024Q2,3238,1520000000,309000000000
TSLA,88160R101,2024Q3,3473,1510000000,391000000000
TSLA,88160R101,2024Q4,4217,1530000000,618000000000
TSLA,88160R101,2025Q1,3876,1560000000,404000000000
TSLA,88160R101,2025Q2,4052,1590000000,506000000000
TSLA,88160R101,2025Q3,4334,1600000000,708000000000
TSLA,88160R101,2025Q4,4701,1660000000,738000000000
TSLA,88160R101,2026Q1,4546,1610000000,596000000000
TSLA,88160R101,2026Q2,4667,3490000000,714000000000
